{
  "main.py": 1776024610.326013,
  "backend\\main.py": 1776025176.3382566,
  "backend\\seed.py": 1776027927.6666572,
  "backend\\test_documents.py": 1776268466.9447496,
  "backend\\test_scholars.py": 1776104273.1114233,
  "backend\\test_supabase_direct.py": 1776268619.2033422,
  "backend\\app\\main.py": 1776025320.66368,
  "backend\\app\\core\\database.py": 1776025205.1848538,
  "backend\\app\\core\\dependencies.py": 1776027466.7958858,
  "backend\\app\\core\\security.py": 1776027462.6722355,
  "backend\\app\\core\\storage.py": 1776025876.308782,
  "backend\\app\\models\\academic_record.py": 1776025256.5726604,
  "backend\\app\\models\\announcement.py": 1776025275.766242,
  "backend\\app\\models\\announcement_receipt.py": 1776025277.2780857,
  "backend\\app\\models\\document.py": 1776025269.503801,
  "backend\\app\\models\\pending_change.py": 1776025274.1761665,
  "backend\\app\\models\\program_history.py": 1776025272.4943974,
  "backend\\app\\models\\prospectus_grade.py": 1776025257.3648946,
  "backend\\app\\models\\scholar.py": 1776025254.9168007,
  "backend\\app\\models\\user.py": 1776025252.2873232,
  "backend\\app\\models\\__init__.py": 1776025278.0684607,
  "backend\\app\\routers\\academic_records.py": 1776269835.2298973,
  "backend\\app\\routers\\auth.py": 1776027478.247679,
  "backend\\app\\routers\\documents.py": 1776268464.9295065,
  "backend\\app\\routers\\pending_changes.py": 1776269837.508758,
  "backend\\app\\routers\\scholars.py": 1776104271.1807284,
  "backend\\migrations\\env.py": 1776025297.1438236,
  "backend\\migrations\\versions\\3b9970469f0e_initial_schema.py": 1776027399.8186347,
  "scholar-web\\eslint.config.js": 1776270740.741064,
  "scholar-web\\vite.config.js": 1776366870.1451278,
  "scholar-web\\src\\App.jsx": 1776281628.8990662,
  "scholar-web\\src\\main.jsx": 1776271100.51774,
  "scholar-web\\src\\components\\Layout.jsx": 1776366901.2645874,
  "scholar-web\\src\\hooks\\useApiCache.js": 1776667492.7423415,
  "scholar-web\\src\\pages\\Dashboard.jsx": 1776669161.9477623,
  "scholar-web\\src\\pages\\Inbox.jsx": 1776366987.9986641,
  "scholar-web\\src\\pages\\Login.jsx": 1776668474.713485,
  "scholar-web\\src\\pages\\Profile.jsx": 1776667872.7922766,
  "dashboard.html": 1776622077.859661,
  "DESIGN.md": 1776277739.2916024,
  "inbox.html": 1776621317.6985762,
  "profile.html": 1776621810.4912152,
  "README.md": 1776024610.3283896,
  "reference.html": 1776278679.4904146,
  "backend\\README.md": 1776025176.3418775,
  "scholar-web\\index.html": 1776366923.2463956,
  "scholar-web\\README.md": 1776270740.8059146,
  "scholar-web\\public\\favicon.svg": 1776270740.8664515,
  "scholar-web\\public\\icons.svg": 1776270740.8829267,
  "scholar-web\\src\\assets\\hero.png": 1776270740.8341188,
  "scholar-web\\src\\assets\\react.svg": 1776270740.9014308,
  "scholar-web\\src\\assets\\vite.svg": 1776270740.9179637
}